id;code;login;nom;prenom;email;date_naissance;date_integration;adresse;utilisateur;password;date_entree
1;Central Front-line redundant;functionalities dedicated Product;generating Forward Unbranded Metal Chips;Architect synthesize;Juliana.McKenzie@yahoo.com;2021-02-28;2021-02-28;RSS;false;ADP;2021-03-01
2;New Hampshire;Expanded Generic;monitor Multi-tiered;niches parse;Neha.Lakin@gmail.com;2021-02-28;2021-02-28;Wooden Regional Strategist;true;withdrawal;2021-02-28
3;XML Baby Table;extend;Bridge;Accountability Buckinghamshire;Alessandra.Hartmann61@hotmail.com;2021-02-28;2021-03-01;Managed;false;redundant vortals function;2021-02-28
4;Hat;Unbranded Metal Chicken;Car sticky invoice;gold;Christina.Bednar@hotmail.com;2021-03-01;2021-03-01;online action-items bandwidth-monitored;true;Concrete initiatives XSS;2021-02-28
5;Wooden systems RAM;web services definition Steel;withdrawal 6th generation;deposit;Luz_Murphy@yahoo.com;2021-03-01;2021-02-28;reboot Kansas Bacon;false;Assimilated Cambridgeshire;2021-02-28
6;SCSI Right-sized;e-business Uzbekistan Sum programming;Persevering;primary program strategy;Frances.Bahringer@hotmail.com;2021-02-28;2021-02-28;Communications bluetooth incentivize;false;Yuan Renminbi Assistant scalable;2021-03-01
7;Ohio Operations;magenta;pink connecting;Secured;Lonie65@hotmail.com;2021-02-28;2021-02-28;Guinea;false;Interactions Mouse withdrawal;2021-03-01
8;Central parsing mesh;Bedfordshire Small;engineer Oklahoma lime;composite Western Sahara;Federico.Pfannerstill24@gmail.com;2021-02-28;2021-02-28;Integration Bermuda bypass;true;Books;2021-03-01
9;Jewelery needs-based;Buckinghamshire Regional Face to face;bluetooth stable;Bedfordshire;Amya.Hirthe19@hotmail.com;2021-02-28;2021-03-01;Agent concept;false;Colorado Reactive North Carolina;2021-03-01
10;reboot collaboration Trinidad and Tobago Dollar;array Practical;Ports;turn-key portals;Amber48@gmail.com;2021-02-28;2021-02-28;contextually-based;true;Credit Card Account AI Plastic;2021-02-28
